,x,y,label
0,5.280970400063119,1.204740888283972,0
1,4.961629445145015,2.2587658847795327,0
2,6.756600265308966,-3.425428017709209,2
3,5.584284609800449,-2.927439881537443,2
4,5.608584508839199,-7.2844679791867675,2
5,5.800740126452638,1.474018412196994,0
6,5.8277453566625415,-6.524512064376491,2
7,10.95138029596334,-4.324801962446381,2
8,5.851010642748709,2.0757871102497236,0
9,-0.15873415013747805,0.9944170223560094,1
10,8.124840116804968,-3.4189678049532986,2
11,7.2572663732056615,3.0963167249984838,0
12,5.8463348839567075,-4.520660855550489,2
13,5.542881019856237,2.9004555898083746,0
14,8.266727210215812,-3.3955578752571207,2
15,4.09380469760457,-1.929590241265263,2
16,5.054914903318836,4.355296398306205,0
17,6.760132883578294,4.613506213784695,0
18,3.3185384949085264,3.5656795907583883,0
19,0.8974254209007173,4.302029873573381,1
20,8.909937615055204,-2.021958877629933,2
21,5.105242406005095,4.574605991137821,0
22,8.442200460345727,-7.934223102636756,2
23,2.4903521169174008,3.41887480891057,1
24,5.964909623150389,1.5986965036833514,0
25,9.73456362124475,-3.25785210437835,2
26,5.772446744212905,-4.507093694732495,2
27,-0.9042809350801557,3.6367462223597524,1
28,8.94707447354299,-5.533452488562277,2
29,7.024931640356458,-2.648111073771789,2
30,6.956915621021653,-3.8443075357940875,2
31,8.19946429947057,-5.220117672330863,2
32,8.330935917908207,2.810024399127385,0
33,3.83202744094082,0.9044097708702517,0
34,7.852985159070783,-3.516555223133964,2
35,5.1123365490028565,0.2328553608585584,0
36,-2.072301083750025,5.188220988654779,1
37,7.783389507202024,-5.485924588424526,2
38,5.902959434510147,-2.8377227966194205,2
39,7.091791245141519,-1.8246990184913194,0
40,0.16651406793078727,4.128157768611491,1
41,-3.620276704192442,2.2588213743724803,1
42,5.965388980442982,4.709019842622119,0
43,8.294548370117425,-1.9443654135763324,2
44,6.93134569469066,-1.0987749984203337,2
45,5.5101951429073415,1.7395696136888363,0
46,5.2442189573206965,5.450482211770909,0
47,6.040106484246394,-3.010445656837433,2
48,3.088842241361095,3.220083672801751,0
49,0.06363552010225004,6.586764831682411,1
50,5.679632195623095,-1.1690903077202863,2
51,-2.054601721152622,2.613526460510097,1
52,5.154699561690142,1.5357704602390616,0
53,-3.128175554438873,5.673146671416733,1
54,8.557790089795889,-7.617076037406495,2
55,8.51623016615979,-0.9159590873636323,2
56,0.014883630592546382,5.865481715511571,1
57,5.4096768424412085,-5.22191171021724,2
58,5.17282080841758,-3.6439057890358155,2
59,-0.4662353556380262,5.375951736870132,1
60,-0.266453922054943,2.8406220218236005,1
61,5.190937098026115,-3.36487146086364,2
62,6.8357476011085225,4.84422021034351,0
63,-0.4388296854994621,3.4024688464514257,1
64,3.9912616355004444,-2.6950785553027883,2
65,9.188950533806638,5.261646444388068,0
66,5.031809634802124,-4.9099794908074275,2
67,10.813514586298012,-6.063975675529515,2
68,8.755223869886915,-1.982002756140018,2
69,-2.3308397836213803,1.6776996181771366,1
70,9.413613441333432,-5.107219236516593,2
71,4.818876385402935,2.582366174893057,0
72,11.070437403718635,-2.370655464640831,2
73,7.814156534317699,-3.575475892169248,2
74,-1.7999589977160013,1.3329734300741074,1
75,-2.0805569290793233,5.028399181167632,1
76,7.7249441638940075,-2.147394130682457,2
77,-2.714258107728508,4.842553970564657,1
78,3.6357929270337617,-0.16034896896837747,0
79,7.045275969104258,-4.048740603151993,2
80,4.977184562228638,3.1778687397490564,0
81,6.732165697529666,-4.78814200856774,2
82,-1.7578886753657312,2.2931056967839534,1
83,0.09476677765570818,3.807487826037354,1
84,5.883146404605315,-3.576798601279769,2
85,8.754236951519864,2.4664261859145666,0
86,1.3155099327806017,5.316601025071883,1
87,4.416508512077972,3.4898416159615993,0
88,2.322643994247968,2.6564825097282756,1
89,8.578908756678825,-5.4397197858500075,2
90,-0.5758652043907038,4.331409818424657,1
91,8.15324293943669,-1.4674853942081139,2
92,8.214791075922763,1.5064159632296419,0
93,1.517250534282753,2.304144147955171,1
94,7.763531958365675,4.095421523926746,0
95,9.600831698806353,-5.024228674996343,2
96,-1.5289071257695284,5.491606135606149,1
97,6.38588904104548,-4.621336767009717,2
98,0.06539209307876126,3.5479521340916413,1
99,-0.7366886061716907,3.916789715119989,1
100,10.60528056153618,-2.822181403707135,2
101,0.8093194472760092,3.6874624970308494,1
102,6.897281668468839,1.8677603913497203,0
103,10.237069149240625,-3.192112076405558,2
104,-1.8130157680960544,1.509836289831255,1
105,6.133750164293803,-3.832887146380234,2
106,6.588535802406454,4.056180651328644,0
107,-2.9270525748396494,4.462465145076814,1
108,-2.0220454951831592,4.586803608821342,1
109,3.4937109674530755,1.9164923517948802,0
110,9.037382728871364,4.67121835766491,0
111,4.0073197971234285,2.9804395012102973,0
112,9.116470951983285,0.18182543829573738,0
113,7.72586557134373,-2.411494549711523,2
114,5.220022181067723,1.3282684402122282,0
115,-1.7004332962078614,3.185670100490893,1
116,3.930213072902477,-4.235820105172659,2
117,6.0875185888123715,3.7732801677652517,0
118,-1.407548483289479,2.0685668739378076,1
119,0.8305010748499169,6.5757209302813475,1
120,7.738758535113827,-2.636091654269575,2
121,7.9515070513501875,3.686890844002788,0
122,6.756670445028462,-4.303942861235051,2
123,-0.39877007077070425,6.507525778593285,1
124,5.322081750631964,-2.368457310603282,2
125,8.186154782139921,3.2088501066379043,0
126,2.8458699738356916,5.564864083998037,1
127,6.494790064192632,-2.663340522645645,2
128,9.918303989466676,-3.830273767633761,2
129,-3.6402632039082463,5.294200544787575,1
130,3.5253219165129352,2.8001966727066208,0
131,-1.9537730861138325,5.750092121101848,1
132,6.68896315444805,-2.814022201370689,2
133,7.569285976342597,3.5237856718959106,0
134,9.256319923432391,-3.5698989522826343,2
135,-0.29650771011983557,5.887279866877734,1
136,8.48857940620624,-5.247415681938378,2
137,-3.204676161055832,1.9613083301306986,1
138,6.327379032157058,5.196253403452834,0
139,4.103722304204442,2.0079043097700535,0
140,-1.1018402007735626,4.295833928847916,1
141,5.528013970578661,3.406345812776478,0
142,0.30267200067997146,5.593924009558258,1
143,5.656647627094848,-3.768156723578809,2
144,7.399346345873684,-7.917665953378858,2
145,7.3743288858314235,2.602414832157837,0
146,-2.2378898111390835,3.8426079897555736,1
147,6.910292233070208,-3.96266645500035,2
148,0.06863196662473414,3.1361512577798996,1
149,8.940079125335215,-2.6593582486859515,2
150,3.0561257224426175,6.74356458302916,1
151,-1.2256006189741573,4.798537188528549,1
152,5.353738576210424,4.248649824112563,0
153,7.823122341842638,-2.584700241957751,2
154,0.07375516440797059,6.404371806706325,1
155,6.457261518072491,-4.3857760942275155,2
156,4.589294456172432,3.3292769570301264,1
157,-0.6604190216756848,3.0352552779922957,1
158,0.7108508633939565,4.222491286479832,1
159,6.025836727461004,1.615919397933731,0
160,6.023455553882405,-2.746013031217793,2
161,7.943802357742615,-3.547832300817773,2
162,-0.41622205952394575,1.902269162029056,1
163,9.272055968499455,-5.3299530989802735,2
164,6.898806161251274,-1.0677895907075161,2
165,7.2106592922148245,5.574606650373045,0
166,4.614590042389286,-0.6250512107933104,0
167,-1.491845549775563,4.48065603426067,1
168,6.771631033835828,2.2688290847607075,0
169,6.886413091220671,-4.14903204004438,2
170,-1.2289955543313258,3.202617793486153,1
171,3.257610085328026,5.127839130557201,1
172,5.462143816360452,1.966428615481898,0
173,-2.0334665557798246,3.925444045322604,1
174,6.753860500228331,-0.45930621148292383,0
175,4.997205810577988,4.117964285956978,0
176,4.69346464339351,-4.029458994636537,2
177,5.1631554406871185,1.6338654885227462,0
178,6.933129344011931,-0.15581630710243655,2
179,4.395086890983772,-2.0736833019633054,2
180,4.6249494657640575,4.339115276716391,0
181,5.228029310584444,-3.238745173584878,2
182,7.0191001516012825,2.1398880729527927,0
183,-1.547999464199581,4.819119592577748,1
184,6.755061431995328,-6.2310874019000275,2
185,5.3940571235353225,-2.9398171480241024,2
186,5.586524818162071,0.5289613352231006,0
187,6.002573500277452,1.0224321819463291,0
188,4.893589264300812,4.2945692450839985,0
189,-1.1610442151653038,8.450633607168147,1
190,4.5314523211934015,1.0054039535822685,0
191,-0.27390398078806455,3.1984788852833947,1
192,4.056264184355725,4.831007998924984,0
193,-2.6480509937631957,5.216171074794625,1
194,-0.5785172853285252,3.491689889502043,1
195,4.301030714246709,2.2347478591922516,0
196,-2.932365094304111,4.553062366020424,1
197,6.514874249289449,1.2657386034723408,0
198,8.66253990109865,-3.8254864412086,2
199,9.027035413854156,-3.9326572901066252,2
200,0.8718373576151646,2.1809009778094515,1
201,5.676452520085458,-3.402712062691397,2
202,6.564358013274364,2.6653130135715273,0
203,9.71886965121188,-4.357518321588372,2
204,5.508631534743429,4.468034227872743,0
205,8.014800205498371,-4.314989828446121,2
206,0.0507605466986536,4.595304600131671,1
207,-2.452867126831734,4.60293982828047,1
208,-2.205639695761622,6.976536494628238,1
209,9.495998705654507,-2.894755263624174,2
210,8.123089691316501,-2.60878869676063,2
211,6.06557676891167,-4.560567073511191,2
212,-1.3224996266734659,4.231354122097456,1
213,11.269871241971309,-5.434858032636214,2
214,-1.6916026756176652,4.915368993274297,1
215,6.664910451316952,3.3219107544734885,0
216,4.259675979404625,3.9126593154134333,0
217,5.53279012940689,-5.26911234073413,2
218,4.968355877095303,3.7411797488977037,0
219,7.069077976304181,-3.4807804378509757,2
220,9.010339496705303,-6.890487556639016,2
221,-0.38964991077778277,4.2168876108277065,1
222,-4.199894214722791,2.8458029755546708,1
223,4.1477896393447615,-1.1089320058145264,2
224,4.121217558429908,2.373268710547863,0
225,5.047027791498125,1.4547558757074908,0
226,-0.8366990690264177,4.6367079631668755,1
227,3.0034745553548974,3.8973378455257404,0
228,3.9510603810518408,1.733039481749092,0
229,4.687665900483447,5.025792191720961,0
230,-0.031107518802042544,3.603993293268826,1
231,10.543104086060193,-4.823891219128702,2
232,4.293457952620128,3.3956583804383738,1
233,3.1186294835501354,-0.017437551593610934,2
234,8.525859191944734,-3.15959299112435,2
235,5.883616015024334,-5.052389093930743,2
236,-0.8412640695604255,2.2929298429666303,1
237,10.019074321809867,-0.8755372068654745,2
238,0.8136833583085454,5.977585377460848,1
239,-0.8712958524591119,5.649340603420492,1
240,5.191388761154375,-3.5596447931365804,2
241,-1.0341902790519824,3.0081991336448457,1
242,4.527551264163536,1.309896462303746,0
243,-2.4751012370505174,2.3453473632500397,1
244,10.230620248542202,-6.121415123723395,2
245,7.4007055098892405,-3.1984245091973813,2
246,6.171509639729583,-3.7984225383199153,2
247,6.3746147750235815,-4.175996792075236,2
248,-2.83052334841564,3.1529789379373985,1
249,3.4674817026985076,1.0487622165482007,2
250,3.389148068240139,2.1595192252426045,0
251,-2.771429988176183,6.622758504459275,1
252,4.135201089134905,1.6195998243415022,0
253,1.069587302151628,3.997339776343599,1
254,1.6964937074288535,3.7248607556548583,1
255,-1.5241997056958834,2.5733784713887395,1
256,8.108458127695489,2.0919737316867426,0
257,-2.713416586099759,5.5044051453690095,1
258,8.31775474086399,-1.4455340071140472,2
259,-1.872399314801082,5.801054470828884,1
260,-1.3690676155230674,-0.389280626485335,1
261,5.943214548348191,-2.7386675150257713,2
262,0.729295500664334,6.912493951807286,1
263,7.95570207158977,-4.799285781513236,2
264,7.948273925710673,-3.144828369901655,2
265,5.722940988808569,1.6865900079974363,0
266,5.919915766221149,5.230910370889601,0
267,-0.03724182718734392,3.936966723676905,1
268,7.087751948173969,-0.24603095995444768,2
269,-3.1176693489438505,0.6261853645227724,1
270,8.39864593867399,4.061910509895698,0
271,8.974417576423734,-1.905785033750519,2
272,7.713411272678254,2.936356389604675,0
273,-2.147509311692231,6.8416024968564075,1
274,4.914680095830795,-3.6972222541197275,2
275,9.995115751206933,2.4774131952071987,0
276,-2.0758594136175086,3.3761993660769116,1
277,2.550431620329882,4.726448319190736,1
278,6.650421537680577,-2.7452336090289684,2
279,5.353012479746489,-3.0712205365937955,2
280,0.6487876480003214,5.279788861866245,1
281,1.7459712366330282,7.635561637066322,1
282,1.2640676102281825,2.7516639138544083,1
283,5.473350767881686,2.6174657405935466,0
284,-2.050401755808984,1.2640959076634637,1
285,-1.7268356853216642,2.159731762206383,1
286,8.396523806158793,4.015472117634851,0
287,1.6059197601180148,2.2884718681762535,1
288,4.661899933702991,2.093880382504824,0
289,-0.046332701549780864,5.258270448906677,1
290,4.112313352462918,2.770744033675587,0
291,7.3426599219915065,-1.5449570265486514,2
292,6.488656499463989,3.656087183998268,0
293,8.75776629283815,-6.761504061841984,2
294,10.565763331309736,-2.1073310060264783,2
295,6.837190354729914,3.1892677510704575,0
296,-0.4319684443855739,5.638048599723851,1
297,0.8488873704810176,5.718984556359591,1
298,-1.0846681459681133,4.436486787251288,1
299,4.368252126315316,2.3030954207285355,0
300,8.968050883936478,-4.683841798831361,2
301,10.723555715801826,-3.084408502806973,2
302,6.427492194693126,4.137978180223886,0
303,8.026369900884156,1.9233239269118396,0
304,0.6162231636654005,5.969013564658423,1
305,-0.41205195624845714,5.124208471394439,1
306,7.612941276321154,0.6511457153509492,0
307,6.34121219541562,-2.692780549139608,2
308,0.21640308281683884,5.203478031680371,1
309,9.703626850538354,-2.2186115374499726,2
310,7.745580936783171,6.105558389962191,0
311,10.100878744175686,4.546819047138785,0
312,5.510112779068479,2.9833895700802975,0
313,5.532681071371927,2.1264377434058783,0
314,-1.191525194763789,5.863307760619705,1
315,8.117974323704646,-0.1681192141855532,2
316,4.400627705950487,-4.047710540562585,2
317,9.176488618057085,-4.324339670751011,2
318,5.485423380840117,1.4891588042896733,0
319,4.240179616421086,-2.8765969128248363,2
320,1.9030969178359491,3.9490070968011266,1
321,6.573315333345794,-0.8404854657704126,2
322,8.365823596099219,-3.25911341788918,2
323,0.36639098293220407,3.196706729953892,1
324,4.923598697372977,-0.038612158551154074,0
325,0.7241748109094883,7.690482779773268,1
326,5.921593530979669,2.4977562772293935,0
327,-3.0631278457097264,1.222413748675471,1
328,4.773010063245085,0.8451567388474184,0
329,5.941351493431849,1.1648293540708388,0
330,7.518180710972639,0.299156756179467,2
331,1.4397318967343757,0.19992075915084673,0
332,4.206911060891178,2.9309076738208977,0
333,-2.5987380190778433,5.64379442963285,1
334,5.026255758588841,3.5653444261795237,0
335,5.003955568416384,5.046197525478387,0
336,5.898269834964477,5.811764742353967,0
337,-6.3012535709829,3.3655861735976345,1
338,6.520112017414583,3.7663415247334404,0
339,7.012966772221645,-3.0402653026450692,2
340,9.772152515669344,-3.0884844846514086,2
341,7.396836451637737,3.7925372422066026,0
342,0.21174862305135322,2.559093181850372,1
343,8.86915579559744,-2.829245405643343,2
344,5.789012445606728,3.7570037684920408,0
345,6.424614262154279,-0.9458868205724862,0
346,-1.8237487671339871,5.558243882459065,1
347,6.49061535574347,4.1130696953366055,0
348,4.476424671920176,-3.974931364785103,2
349,7.095384363157284,-2.4979326648470597,2
350,6.927389082038844,-2.024901399820971,2
351,5.395145660299727,0.31201693078276094,2
352,-1.6617501299859514,6.067995185884351,1
353,-2.760824791277459,4.441648338741796,1
354,0.0713117526143785,2.613557274770552,1
355,8.790669967615683,-2.609736250030002,2
356,5.124063632821842,2.3445075058097897,0
357,1.6327755431997755,7.3817003178345955,1
358,8.363703919476018,-4.682950868745639,2
359,5.811946323621326,3.267956801482877,0
360,1.1253564032689054,4.653560149472792,1
361,-1.9460525054813904,2.844642004316805,1
362,6.861190325961416,-3.2890653789681994,2
363,-0.20938295824554742,1.0803938528729775,1
364,5.827157325286142,2.470418740683343,0
365,7.696011508923325,-4.13660971412043,2
366,5.784543326889878,4.714344504194486,0
367,7.186140446167729,1.0428040408489092,0
368,4.943168118607503,1.6584988205878506,0
369,5.564542809992143,2.053301805366208,0
370,4.774143475696041,-0.8749252576364985,0
371,5.551441340036053,-1.8433374299672771,2
372,1.0325250360208984,3.4277937422051226,1
373,7.732087864246545,-2.4967173499790345,2
374,-0.8669788883052786,5.204584504851534,1
375,10.047751145192173,-0.10880658064292392,2
376,8.876268470768965,4.11715272883167,0
377,5.234506142205868,-1.0273708360012592,2
378,0.6064861398894534,4.13166591431861,1
379,-1.7166967046160506,5.883982854322606,1
380,-0.37876974301502975,5.044474356943066,1
381,10.755548245780323,-2.13261880142616,2
382,6.1879502730834135,3.637096379272027,0
383,-1.6607785262298491,6.199216358180974,1
384,-1.627603957770651,1.9091368258148758,1
385,5.291078570723826,4.995171129045874,0
386,8.10917582218141,-3.4017594478990776,2
387,0.9832433842555899,3.0694277871505165,1
388,-2.9860245883155336,4.494340666939644,1
389,1.0302574999517304,3.549187210905009,1
390,-2.2097680730929348,4.186988315197152,1
391,0.7094638750123436,4.930673632139725,1
392,6.303559695563877,-3.8973165864031727,2
393,5.154078603655771,3.5911536514850826,0
394,-1.2772191687479266,4.3144437961662145,1
395,-0.12471948213344353,5.416737317123163,1
396,6.984497163274971,5.2759597449905105,0
397,-0.38969005613508023,6.428142419125258,1
398,7.781546450024747,-0.893037045458994,2
399,5.9888965105366045,-1.0535468413602351,2
400,7.751932016156935,4.7234799852322205,0
401,2.2000270247509985,1.7809085830681248,0
402,6.599611249451783,-5.677003429174878,2
403,8.234932082504324,-5.545471624676259,2
404,1.760504379732514,4.332380444454945,1
405,-2.327529057774697,5.00811866465248,1
406,-5.0119712428236625,4.381381722105324,1
407,-2.7627604148767624,3.5955378935008224,1
408,-0.8454448618486492,4.259123303880196,1
409,-2.2161007358800173,3.967703664601422,1
410,1.5178922171873208,7.430129784928998,1
411,-0.977204729935497,4.487444412584888,1
412,-3.370780969107522,3.3009870347445682,1
413,8.934250649034382,3.2571870927280973,0
414,-2.3774156086191773,2.736278310625659,1
415,8.202812575471567,-5.136126824226681,2
416,8.159075769117386,-1.7925031098182806,2
417,11.559573578378183,-3.6958734485025175,2
418,4.984398828341686,4.591676679073294,0
419,4.47885438476708,4.876061478336881,0
420,-3.3703962449934823,3.286656756919889,1
421,5.709815243445966,3.4512856735178534,0
422,-2.947896385844958,3.8508345143264537,1
423,4.319440391636044,-0.26262851292389167,0
424,8.330508132318487,-0.17889001171189722,2
425,-0.653462733771148,3.2126709144878216,1
426,6.149785626163023,-3.7162522528630832,2
427,4.855500062688136,2.207743532154423,0
428,1.4777683772369996,3.574056118797884,1
429,-0.8661843588753217,5.834346712827767,1
430,8.31508522012632,7.340615124527808,0
431,-0.2871558242158079,4.868087859943648,1
432,-2.8825436190196623,4.877956502978976,1
433,-0.2527527533932058,6.076290447038347,1
434,7.325851984901112,-3.2135706597161158,2
435,7.934573304113221,2.3261280405322955,0
436,3.6987535171274324,5.172095553207569,0
437,6.479534697061081,-7.048119357360943,2
438,-0.15616785688107082,2.76868235904477,1
439,4.762265726216405,-0.7546681134252458,0
440,5.277396785846542,-1.5139910721823258,0
441,4.823564963796324,5.019786164145508,0
442,1.317204625718039,3.9687681739031566,1
443,-1.1808163175649655,5.540303768462115,1
444,8.443907937823152,-4.8641862086435514,2
445,0.32773826311723475,4.278610303113564,1
446,3.3256717003553375,4.958508990389933,0
447,1.6676375876026217,4.839494408524771,1
448,3.7085248513467186,0.8501239863115351,0
449,9.460556439064986,-1.119185403736271,2
450,1.5192106242674548,2.0862389715705136,0
451,1.0191321829406688,4.7127484760278415,1
452,6.303477533498821,4.968339479341551,0
453,4.592652358116791,4.5303794414216645,0
454,6.298015296387634,0.06408836044915533,0
455,-1.9272674822728355,2.6503349775964944,1
456,-1.077640642292878,5.656421891846604,1
457,3.4593806033336243,-3.807640759096056,2
458,6.786029781500771,-3.5161136212574062,2
459,5.0321465472299645,4.5847535957618035,0
460,6.0388302758497705,-2.5643542013104628,2
461,-1.2543973395218073,3.7489934352304344,1
462,7.330508948687135,-3.7023151716517986,2
463,7.0878548383334525,-2.6323269493554133,2
464,3.3593040705391313,5.666903040220456,0
465,4.281971404829724,2.8973574177408343,0
466,-1.7342343625096792,5.379948701388273,1
467,6.82181474565746,-5.3258993812434845,2
468,-2.0492435774915583,7.216350128812218,1
469,-1.3491734554724388,7.357531225381974,1
470,5.05466091482025,4.204615161549952,0
471,8.342568553879646,-1.6835732389690832,2
472,5.576362089943231,-4.132284824111262,2
473,6.34082288609519,1.177290738110301,0
474,5.4663460368045484,-1.1435850270642498,0
475,7.719644239684727,5.142421039776222,0
476,3.35080307079132,0.2784063791661482,0
477,5.239816902131368,0.27946485114973285,0
478,-3.747286085094791,6.029380554685419,1
479,0.47995663136431865,4.818535278011409,1
480,-2.070632293386302,4.928094941998403,1
481,9.88492723372872,-3.4701681625350256,2
482,1.0199644571135327,2.633786309361456,1
483,6.225301127930049,-4.9924796607651025,2
484,5.445294463005292,3.7138429966512247,0
485,5.904421352600575,2.5101936806266893,0
486,0.3458469718393611,3.4598740226987688,1
487,6.692364911337181,-2.3344962922349657,2
488,3.9747947542673856,5.0302217717766275,0
489,6.331252173559968,2.436481543008757,0
490,5.143674069208386,0.9529367565337881,0
491,7.758447751455204,1.6993830336451177,0
492,4.742432091171828,6.117001659639577,0
493,-2.8496996607185174,3.2084313263568616,1
494,6.896385230269337,-5.2694279320466,2
495,-1.270940332926478,3.351427169010364,1
496,6.605469272526487,1.5069460213187873,0
497,7.4687071659055215,-2.3764985573602755,2
498,-1.4008513359754047,4.15593633930861,1
499,7.374037736741212,1.685654849922969,0
500,10.454180019380662,-2.729751307601664,2
501,4.340808323865387,2.7993847629973874,0
502,6.821130733137414,-4.567134351882691,2
503,0.36489468332182406,1.7560227235640595,1
504,-2.5777646721653613,5.202467629238274,1
505,1.4638708401432599,9.598985984483722,1
506,3.103550380875338,2.5579677402630185,0
507,4.618468334247822,-3.2511150520993026,2
508,2.565445418609026,4.7047342559283125,1
509,4.682724859833258,5.510268427566084,0
510,6.904405542737831,-2.1697788168420686,2
511,1.7122522783842307,6.54335847053671,1
512,-1.4266222954191887,3.3142554258546193,1
513,-3.586984585595742,2.6612330489258715,1
514,0.5425712173136925,6.874698736718791,1
515,2.3780612513610913,3.0272919665954743,0
516,6.696944115402102,-5.46553277835652,2
517,1.4428235642771154,4.285454305516723,1
518,5.938334822225312,1.9838369910212215,0
519,7.31949167092161,-3.196775606672358,2
520,5.403660456448037,-4.689434687635871,2
521,7.139284351133162,0.578646905805563,2
522,5.900016365039031,5.344604296938466,0
523,8.537293770408917,-2.090568838190216,2
524,6.316288090327474,-3.729553978262725,2
525,9.942391961251655,-2.210828368795266,2
526,7.604906358813823,2.423758926898781,0
527,7.236215864999615,-2.5773115692443307,2
528,7.322558205553638,-2.618737904799886,2
529,3.9725694675334715,1.899456269822629,0
530,5.51218262512065,-6.754479765412194,2
531,8.13800913321929,-1.4802489279307147,2
532,0.1592094620625899,2.904061454123538,1
533,5.94831590339522,3.611605939113485,0
534,0.1560400023668489,6.18128446171835,1
535,7.71177883392998,2.4242839137681944,0
536,3.1739632211154474,5.779226963249761,0
537,6.062139121115983,2.1359735963700066,0
538,5.121357017426996,4.132809183157308,0
539,8.091733885463391,0.3980896608448612,2
540,-0.7134637695323911,6.40744899369621,1
541,-1.1792536738080286,5.023485243960812,1
542,7.9579905448879895,-6.307837999992291,2
543,8.502941847459649,-3.05360043042833,2
544,10.85448166539851,-5.302479549055029,2
545,6.884909412380753,2.5581041457017513,0
546,0.7137721078037036,4.883033210834417,1
547,-1.8280567004510448,8.450335810961587,1
548,0.7404957388429005,4.726781120227767,1
549,3.423073796040912,3.5319011528239503,0
550,8.867255523944568,-3.8161254689558675,2
551,0.5369295739535405,3.9609842265281596,1
552,1.1989639891731305,2.9952445365291016,1
553,0.7152579504288086,4.4327586332047995,1
554,6.9477304137169895,2.6574119038060027,0
555,0.9834454761096771,4.033947738424259,1
556,8.919062374140493,-4.506087013402059,2
557,1.891091811690739,2.159246755146804,0
558,3.687895940207345,2.9595377727187433,0
559,5.773678818835004,5.544222873601928,0
560,3.544815250569992,2.1516227863104156,0
561,6.192321754240282,-2.9673860785576895,2
562,-0.4909859175993524,6.479200306602582,1
563,-0.5819577066013981,1.5418679286167931,1
564,6.668081409644381,-5.885161492161333,2
565,8.193209434525498,-4.2014465553059654,2
566,6.3597302216042575,3.733651785118825,0
567,4.745209544418634,1.56322193025358,0
568,5.0538204811332434,-2.5545227278641516,2
569,6.92523439736486,2.2617122887149974,0
570,10.159167877854657,-2.9630028440049183,2
571,3.3847660258715253,4.733997565930149,1
572,0.04982592656893381,3.2879020738504057,1
573,5.79303320413039,5.486577523362564,0
574,2.2557059577176672,3.054729916920755,0
575,9.375333044929322,-2.1916735914127825,2
576,7.8446301816347095,-1.9785411300905076,2
577,0.14188059824966226,4.742930596114651,1
578,9.630573535777014,-0.44735179024851623,2
579,1.7920541887955665,5.0841181288887904,1
580,7.627262404076566,-4.264178060704595,2
581,6.98307971071464,-3.8640685900095515,2
582,5.92942736537797,4.603737233437487,0
583,4.671292269796325,3.426565243386912,0
584,4.5731368587923145,1.8720850223974417,0
585,8.564196064895565,-1.9303598616492839,2
586,5.899244810079672,4.117538040799593,0
587,5.266986935722102,1.2906954694112103,0
588,-0.40924852671093415,2.7221131616220715,1
589,3.1519108365860977,2.336691562156664,0
590,3.8573253880244547,4.686646204361983,0
591,10.945551728686864,-2.6762941668267604,2
592,-2.6420288935016245,3.6728043164102733,1
593,7.30860492307607,-3.497443386598447,2
594,6.620252671000897,3.9201481127907374,0
595,-2.747669772618278,4.5231749978992655,1
596,5.201052405899921,-2.769238530150531,2
597,5.842588283599054,1.146951048163005,0
598,8.280512787050444,-3.2432135175630696,2
599,4.881359051896209,5.287787929812217,0
600,0.23249230689805223,7.095513707204894,1
601,5.268439839509073,-2.448097282235894,0
602,4.3294679584364895,-2.3060747047080943,2
603,5.8855522036945365,1.5337902763645053,0
604,6.0659595169228,2.0403681004826435,0
605,8.64885456605834,-0.2745512198600877,2
606,-3.7353550422319097,0.5615193449904425,1
607,8.205046651229015,3.9714503310636102,0
608,3.83905981486366,2.899618240694759,0
609,-1.2873733690291704,0.2574035777088133,1
610,4.740444072783876,3.320351734127017,0
611,6.9183618171719985,-3.439073078933709,2
612,8.927342210563621,-0.009002859547290853,2
613,-0.8990072502622684,1.4681627249299445,1
614,-2.385507318747351,4.238132978230852,1
615,0.19863048170141973,3.4981363307662585,1
616,-1.95958102274903,5.208041685263502,1
617,3.0345082464001405,4.124953038527843,0
618,8.091072323599052,-2.6191127957255778,2
619,-5.012961061199774,0.9130881565904487,1
620,7.183934311106189,2.4243380538741603,0
621,-0.4109040301898971,2.667866206536128,1
622,6.160575601125549,-5.8549842813634605,2
623,1.8014778412767143,3.999554288953081,1
624,9.257591195859318,-4.560892290711064,2
625,8.791330475695592,-3.962971088669555,2
626,7.468981822617247,-3.3532489475511777,2
627,8.327952720252547,0.36437194100522463,0
628,-0.06284004589635106,3.0802590579165785,1
629,8.73774646274095,-3.8324150330661704,2
630,9.144356720359331,-4.9655976989146,2
631,5.259591577529688,4.6624436695486935,0
632,-0.24958601956071857,4.853896240680228,1
633,4.893230425072117,6.559337027857631,0
634,-2.8830619965638795,5.707494424137285,1
635,9.004203724613744,-3.84936150367015,2
636,-1.9249495208506149,3.5891286209363007,1
637,5.695121901046819,3.9461278868262966,0
638,-2.2993807246954123,5.7904539183019095,1
639,8.162040490153974,-3.884946147548017,2
640,0.017116611683646754,4.673760173007268,1
641,2.6417202593487796,3.9093404294213485,0
642,-2.3903755062842493,3.1838572419314053,1
643,8.525954376493493,4.115736966228914,0
644,-3.9854041844280452,4.091039976008302,1
645,5.0877538767245305,-0.827387090972469,0
646,-2.6778025533249217,4.8639116670968345,1
647,4.979360638581445,5.383580541812436,0
648,4.016282820396211,3.609305039990129,0
649,-1.2376617954815778,5.426030269147599,1
650,7.80886437204288,4.574164693079501,0
651,9.96703351876891,-1.492561811802171,2
652,9.525322171570695,-2.0399115427206675,2
653,6.810680151830571,-2.6489935890328447,2
654,0.1992600709922856,4.310402205968078,1
655,-3.0690052965816,3.20653949017191,1
656,7.462615277667963,2.3940292516684973,0
657,7.183731019545458,-4.361284536894723,2
658,-1.2746280193930606,5.938669213348307,1
659,7.9158398338496845,-5.290005522065237,2
660,7.269909711425527,-2.9157255633976917,2
661,6.272047965541997,-0.7827604793302756,0
662,6.607561700982306,-3.675590024559992,2
663,9.562640149132557,-1.3578339242726387,2
664,0.8687182435281109,4.996223589890207,1
665,6.669418439236486,2.626852064770992,0
666,5.785852006104965,1.502895700921876,0
667,5.250892792167247,4.470758078926958,0
668,7.943837615324999,-1.8747660580684844,2
669,-0.7079049974665935,4.956946738665294,1
670,5.183643804212163,2.0084006814483737,0
671,1.274551964812944,6.134953114923027,1
672,9.243121924851513,-0.9467746710669491,2
673,5.341412606784348,-4.314423599636977,2
674,-0.12889620869544982,3.9238028074293494,1
675,5.722961705264565,4.926014460433756,0
676,6.193169213735733,3.0747105011413165,0
677,6.029514727282986,1.198707801797048,0
678,7.1599753604781595,3.3365779647539577,0
679,0.7814660487817162,4.101947474658486,1
680,4.527871125493941,-4.2467019748232,2
681,3.5900717224325436,0.2823406987083983,0
682,8.325129770289422,-4.11066172186912,2
683,5.380217618100557,-4.883468944827059,2
684,5.206624522109017,0.8331789245157524,0
685,4.227215264532582,1.5735339431879878,0
686,1.5001713806256571,5.20813968611794,1
687,8.531776125687724,-2.2481720638034997,2
688,7.487625748507081,-3.1989799462382025,2
689,6.373337524905164,4.706457781871398,0
690,9.229709822979263,-2.1417825737681326,2
691,3.998549853094799,2.302310711519466,0
692,4.808435549332261,1.166396778008303,0
693,2.399684442972227,4.03188229017705,1
694,4.223909851104439,2.3746041843904395,0
695,7.672063740123088,5.468821869466856,0
696,2.681351684122561,1.127009565302715,0
697,8.598414745858568,-5.737778308726087,2
698,5.0426628914646,-5.278616224341748,2
699,0.15757706781279857,6.991904549290693,1
700,6.0953793611181615,3.428724297273178,0
701,9.605762489613532,-4.748384200502037,2
702,-4.360413698136779,4.770225043356119,1
703,10.832430857776984,-6.8609253771343415,2
704,9.811155897480775,-1.4708180410421785,2
705,4.996762235849646,-2.980872536249076,2
706,6.626542755067753,4.721350775747052,0
707,-1.770829608495467,2.3539946413484762,1
708,4.447832538694418,2.0465028014521933,0
709,9.142183232315059,-1.4948232595638944,2
710,5.526748695818912,1.8342448345987687,0
711,6.333787295753837,3.641975664800347,0
712,5.829310724677558,4.47866887493859,0
713,6.117302133661932,-1.3840601056926838,0
714,8.23226259370491,-2.994572593467068,2
715,6.4898775442992624,0.3922982138794415,2
716,4.76281407797767,1.8920522439937344,0
717,-1.9384066165293952,3.5059472831106695,1
718,9.272689386252097,2.7866010213860664,0
719,6.337250911114192,2.368279276034897,0
720,7.679811531387957,1.8118803050514662,0
721,-1.709217846569794,4.157716195333478,1
722,8.47396575351732,-4.599470383325273,2
723,9.595828072373054,-7.347723723235955,2
724,4.163353859036011,0.4752322985691739,0
725,5.839955644225573,-4.156924833199565,2
726,4.691453643378065,1.0808901509565858,0
727,-2.053549654132615,3.3781342604037103,1
728,7.756888032512548,-4.983220847802441,2
729,0.22013155161298803,1.1533273944158804,1
730,6.546896280783809,-5.93623223573106,2
731,-2.5168195155681667,2.960497295766296,1
732,5.7883928930560105,5.438183403937069,0
733,6.491896949995652,4.282971873882385,0
734,-1.5946973137594236,3.3657809048721217,1
735,-1.8683826040462987,2.907063495311137,1
736,6.552030517585518,0.6479639519662812,0
737,-1.4218404346430953,3.841268760852145,1
738,0.311953975571724,1.4427802212292877,1
739,6.133211405388272,3.036502291963439,0
740,4.8331301771962725,-1.2453045183295495,2
741,-0.15608478535135728,4.517299152976147,1
742,6.92948538848608,-5.486243549859246,2
743,8.414654634970853,-6.685463313667732,2
744,0.1248357729940115,3.224895533533455,1
745,9.93684954546159,-3.307117187279118,2
746,5.09027879535943,-3.8405353810291953,2
747,4.002552732056909,0.8642639874229512,0
748,3.5427351177713096,-3.0652603088817734,2
749,-0.26132544878684183,5.558889090921019,1
750,7.806037672981875,-0.8819883226854328,2
751,0.7907836236152799,4.15572495398817,1
752,6.232417606471428,-5.918232370371659,2
753,10.389187093326953,-1.5515586873179712,2
754,-2.3104819178022886,5.620600680765051,1
755,0.841832201287116,5.927935987543542,1
756,5.811864563905461,0.15614946141565733,2
757,-3.4659403681450356,3.4877027956395734,1
758,8.39129549068695,-5.728790446281771,2
759,0.720089761661038,2.3943197448182745,1
760,5.78956478442316,-4.7156412397818785,2
761,6.238600287355785,4.495178731978738,0
762,7.797823135779973,-4.758379542303202,2
763,1.8254626093513102,4.512800848394961,0
764,4.200653888898747,-1.22886896471097,2
765,6.267501221705671,-4.758877695156697,2
766,-2.7111507851235044,3.9273772678872096,1
767,4.837160698149873,-2.890044913880618,0
768,10.158247929062757,4.000545786308507,0
769,6.979805169875584,-3.7587207058350085,2
770,1.6758620361667291,4.235471113953796,0
771,3.6417417664109246,2.7169444364527036,0
772,5.402101581323928,-1.6737190975479972,2
773,3.9370674297061354,3.707952358357727,0
774,7.277737464108566,-1.5644245522264904,2
775,-0.28084173252183486,6.2410628291886345,1
776,5.509048952205496,0.5845292313996335,0
777,8.229777061155218,-2.6020888676458362,2
778,6.500576979085437,2.5275145114830715,0
779,5.637676966299968,4.556934043568647,0
780,-0.8560109216750454,3.0220972418342607,1
781,6.446328376782951,-0.8176941879591175,2
782,5.8621825332714765,-2.124259676098972,2
783,5.801068546936419,-4.025935155922536,2
784,-0.24445694895233738,6.448581772344198,1
785,4.747622918545364,2.157156032404669,0
786,5.456715735150407,-4.683277237297566,2
787,5.953346419365407,0.6815764699122022,0
788,2.288305638275563,0.8358726680055226,1
789,8.481978891546758,-2.221577734275585,2
790,10.23453566920153,-0.6809394783804579,2
791,-0.902124730451439,4.158563339101042,1
792,-2.1351689596717014,8.81178947106837,1
793,-4.418751833142702,3.5976735323084217,1
794,-2.2423506334494108,4.038399533886395,1
795,4.661720325000385,4.6080163452347245,0
796,4.234174787076923,0.2475729785123213,0
797,5.422805907458225,2.6729149283684466,0
798,7.231325407842497,-2.6635147832973565,2
799,7.665258886590639,3.7767318085765536,0
800,6.9092510199290995,-6.818973923322788,2
801,5.206453491297182,1.1664251378496238,0
802,-0.13236834704147382,4.902142154216883,1
803,0.3993936991890019,3.6063243059658703,1
804,4.4932087407300045,2.4443202111683475,0
805,9.111877785955624,-5.765898679640458,2
806,-4.350180362592709,5.513832912422607,1
807,5.091398482356731,3.593378527773001,0
808,-0.8034842244802409,8.24014423527847,1
809,7.606198303609837,-0.7911218479831064,0
810,6.076106727852315,2.071364952354681,0
811,-1.3294702290585734,3.8971571140956964,1
812,8.296154056796054,-4.796463061373691,2
813,4.965032313304647,2.195501567578259,0
814,3.4834548326377446,1.9768657212555043,0
815,-3.1876532490007827,1.5362787680258063,1
816,0.30969096370614624,4.384684138400914,1
817,5.576072790710173,1.3127067324430437,0
818,5.955808752469514,-4.125248070725815,2
819,6.603544134990542,-1.9817269461478368,2
820,-1.009021386435415,3.3312071578999176,1
821,4.858113731557564,-4.548001002599802,2
822,2.106599983862014,6.144589425684451,1
823,1.5318886408735186,4.565019215328548,1
824,4.47735636822708,5.353698849467204,0
825,-0.10322575430659242,1.851558261282538,1
826,4.962422194137766,4.679333271770738,0
827,3.6266822023561613,4.890635069134921,0
828,9.83708373820093,-4.68692496129183,2
829,-0.20292981093291718,3.319551106268566,1
830,-0.9713584857171134,3.186744486189209,1
831,-0.30654942930233464,2.6767258146611907,1
832,10.861822491514534,0.6149677827080939,2
833,-0.9724750537828454,5.464642897781118,1
834,5.102221822981118,3.2453058279160123,0
835,1.1286144944241365,5.608058228968886,1
836,9.486994613635563,-2.3966740653476784,2
837,0.38559444461722503,3.333439284010609,1
838,0.5422621534015906,4.997633941343574,1
839,5.767181856880253,-5.746897094003961,2
840,6.5574888099576265,-3.486786593015828,2
841,0.920793997799449,4.9341428752961045,1
842,10.10221119042899,2.788528212837787,0
843,8.549361607513658,-3.233362857642408,2
844,5.547424711710717,0.5144232695773923,0
845,4.875861980676116,2.581457472388535,0
846,7.73957026404249,-1.5785301193538206,2
847,9.408933203782174,-0.7561070953439186,2
848,11.36363311400412,-2.122770480466777,2
849,6.590778956061824,2.8171208902715796,0
850,3.380180050992603,3.7888009020294193,0
851,-2.5037329218400943,1.2877834567896285,1
852,-1.3580186598773796,5.528334882729583,1
853,0.7819824570543341,5.232164074308979,1
854,5.781810380439202,-1.9042200650572227,2
855,9.377991559473305,5.521027257587459,0
856,-1.2339900179968615,5.027420712409093,1
857,6.807752818763853,3.3955173243981416,0
858,4.401629628412519,2.0307521137767264,0
859,-1.9700538634664855,5.314892600243092,1
860,0.997287010895179,2.909373365482244,1
861,2.508509051341364,4.051814427010003,0
862,5.301355072171427,1.1328317924572484,0
863,7.615153859296031,-2.850434159550101,2
864,0.8054286806622226,4.718207666876137,1
865,-2.1179289761635745,5.183191602433434,1
866,2.856776636397517,1.169510367514234,0
867,-2.006520554678074,3.240912947879024,1
868,9.152467832140093,-1.0806640389412578,2
869,6.9138696109295354,-4.996077752193208,2
870,6.649180406815432,-6.249513777661815,2
871,5.576573182281252,4.583080361866777,0
872,7.747795523541567,-3.3279213099436533,2
873,4.114537347100585,3.557486049303133,0
874,-1.9622220328191222,6.229479509699299,1
875,11.10310887319773,-5.746514563693685,2
876,4.793972848766324,2.3461271706386677,0
877,8.964966646103228,3.100646982806543,0
878,-0.40353581211109313,3.0968002885256727,1
879,6.413819347590571,2.314572475807334,0
880,5.0440478492076375,1.1422379373755587,0
881,4.092261089035056,3.8110047098639797,0
882,-1.798425995769853,2.4191327169197265,1
883,4.561041607099738,2.908342480486104,0
884,4.802119837589204,1.5213531601032875,0
885,1.0353038271241974,1.0168818768027141,1
886,-1.4624673235297454,6.372989276990188,1
887,9.778876752569076,-4.052307394439138,2
888,6.524678508992064,-4.658173037821802,2
889,5.793537470043461,3.09601021573857,0
890,6.592191769731089,2.4868122432460242,0
891,5.5427433018641254,-1.816423094879948,2
892,7.17115404729984,-3.5833546689697626,2
893,6.106872657073791,-4.4749859884267424,2
894,8.01584901104576,-3.5785645858178485,2
895,-1.2426090873420192,4.57754742351688,1
896,-0.12559433226035244,2.281677877026312,1
897,6.733755625357893,-4.026068571959897,2
898,1.8382462939312236,2.0869168836538505,1
899,5.833718583808722,6.809818762221843,0
900,1.1959129498447365,3.880475241376582,1
901,-3.2861308367518784,5.32944597029015,1
902,0.12765940914435459,3.103977100769441,1
903,0.29069034068619537,5.191290402827882,1
904,4.840536855391708,5.948126547485597,0
905,6.443418777539473,4.428494396786904,0
906,9.732600498024063,-4.418134040762249,2
907,6.2576841432226615,-6.920977611820204,2
908,-1.817772418585137,3.312460153717209,1
909,-1.5501422365590773,3.101700121488058,1
910,4.321431170596609,2.4655475011458536,0
911,6.868386610831669,1.0906401002926587,0
912,9.966961682015341,-3.1437122253612237,2
913,8.957349022628923,-2.7231676469877866,2
914,-1.458409935258746,1.8364059747157757,1
915,1.9292718201230739,2.496447068563639,1
916,3.9916205296955556,1.9602353094258298,0
917,9.732170084073735,-2.949675397921898,2
918,-1.0335207954665666,2.6634201231317034,1
919,2.2902307309597267,3.358553573580993,0
920,1.6885355902454866,4.821153497836363,1
921,-0.34928251407628774,4.814298662387722,1
922,6.071008343520524,-2.5740082198605556,2
923,-2.6609505805855527,2.3013385733141107,1
924,8.209893927056118,-3.8647708127523464,2
925,-1.5040542193229458,3.964081670785621,1
926,7.647005627108523,-4.416098782127818,2
927,5.2076451081798085,0.24639482482555852,0
928,-2.808465353101383,2.3758913861518334,1
929,8.601732956848542,-3.861391712649341,2
930,-1.936793312039634,4.728769704199777,1
931,8.281489080048573,-4.64093797316684,2
932,12.226497717805595,-5.060546026755411,2
933,-4.106631050197399,5.4551515003054165,1
934,-3.0221811886754835,2.2103065576495786,1
935,6.638751301816644,-3.83406111051625,2
936,5.562330892662443,4.200954123913755,0
937,1.2151985313510152,2.7336113056088536,1
938,5.161063945763875,-2.35287839330158,2
939,7.179513959254902,-2.1288814003305285,2
940,6.093204700339353,-2.93816116818562,2
941,0.9837353223425931,2.868016024304831,1
942,10.189959870669528,-3.791243402262299,2
943,0.023241951631177482,3.3151642581209204,1
944,7.1281518712451435,3.538509435246191,0
945,7.6633549075092535,-1.5980159519755135,2
946,4.420300590080909,1.207545662794672,0
947,8.220324127200655,7.276347116839196,0
948,-2.8682420907217687,5.109400553423966,1
949,-1.8033969672408716,3.3201782349584676,1
950,7.622681127508304,2.0607777586643374,0
951,6.716884797749019,4.130903295354311,0
952,3.7797620948079826,0.10740947173463278,0
953,5.266290137654029,1.691151648020281,0
954,6.04047441461817,2.6693873203340677,0
955,5.838519972348956,-1.6013131184039446,2
956,6.075745993834079,-4.94733973856834,2
957,7.557594444671867,0.13752171229461618,0
958,-0.48106319424770316,2.2902027759700703,1
959,5.713558166165558,2.6422236354753026,0
960,-0.6395074303354896,5.391649624428003,1
961,7.047895117724734,-2.5164155942322894,2
962,10.098846592474917,-2.406524726448821,2
963,4.416291538639555,1.6401040651873016,0
964,-1.8168754043515474,4.826761594428871,1
965,8.329808010306692,-5.337849270228977,2
966,5.4107903019530195,2.0358706843623144,0
967,6.275494789400736,-1.956293448264356,2
968,7.353280969684023,-0.5440954770450284,2
969,4.480727111808153,2.6492728557408864,0
970,6.702485890405138,-5.899150438702832,2
971,8.320627349975751,-2.874210663477777,2
972,5.413764073585086,2.47452768090418,0
973,8.262775274676336,-5.258883771254464,2
974,7.042599983420945,1.1742455586719298,0
975,5.567179481074364,2.9565146656500336,0
976,-1.6699840030539228,4.525319580049694,1
977,-1.4972573985904676,1.3420770716618753,1
978,0.7724014559518888,3.046997352133678,1
979,1.1738476591068778,5.566230058362462,1
980,-1.241977798849342,6.239895018191903,1
981,1.6580434022993158,6.209263115902157,1
982,9.383470564358808,-1.497751051822407,2
983,6.7198365886476275,2.562456297614914,0
984,8.164464513534414,-2.5226188938426812,2
985,6.181447149817322,2.2908783419930496,0
986,8.639965710113808,-1.5356997911647967,2
987,-1.760782381105479,2.154191623209643,1
988,0.4494192578363636,3.4288867219924217,1
989,7.152609106328587,1.2029601509423034,0
990,4.533656735425798,3.94577053167596,0
991,-1.0422211115230768,1.6843812019258966,1
992,-2.237031686226643,3.5873579215825337,1
993,7.018743239428697,-2.8076348554840855,2
994,5.9796636700425765,-0.17914329185710098,2
995,1.2675274314944245,2.5887674073038496,0
996,-3.466875254088517,6.933304708647141,1
997,6.763603595257006,3.2171766096596635,0
998,5.76123776644299,-5.955951610840565,2
999,7.828665997502484,3.592784521156011,0
